<?xml version="1.0" encoding="UTF-8"?>
<!DOCTYPE log4j:configuration SYSTEM 
 "http://logging.apache.org/log4j/1.2/apidocs/org/apache/log4j/xml/doc-files/log4j.dtd"> 
<!-- <!DOCTYPE log4j:configuration PUBLIC "-//APACHE//DTD LOG4J 1.2//EN" "log4j.dtd"> -->

<log4j:configuration xmlns:log4j="http://jakarta.apache.org/log4j/">

	<!-- Appenders <=로그를 취합하는 역할-->
	<appender name="console" class="org.apache.log4j.ConsoleAppender">
		<param name="Target" value="System.out" />
		<layout class="org.apache.log4j.PatternLayout">
			<param name="ConversionPattern" value="%-5p: %c - %m%n" />
		</layout>
	</appender>
	
	<!-- Application Loggers -->
	<logger name="com.goott.eco.controller">
		<level value="info" />
	</logger>
	
	<logger name="com.goott.eco.security">
		<level value="info" />
	</logger>
	
	<!-- 3rdparty Loggers -->
	<logger name="org.springframework.core">
		<level value="info" />
	</logger>
	
	<logger name="org.springframework.beans">
		<level value="info" />
	</logger>
	
	<logger name="org.springframework.context">
		<level value="info" />
	</logger>

	<logger name="org.springframework.web">
		<level value="info" />
	</logger>
	
	<!-- SQL 기록을 위한 추가 내용 info에서 warn-->
	<logger name="jdbc.audit">
		<level value="warn" />
	</logger>
	
	<logger name="jdbc.resultset">
		<level value="warn" />
	</logger>
	<logger name="jdbc.connection">
		<level value="warn" />
	</logger> 
	
	<!-- SQL 실행 시 수행 시간 (milliseconds) 
	<logger name="jdbc.sqltiming" additivity="false">
	    <level value="info" />
	    <appender-ref ref="console"/> 
	</logger>-->
	
	<!--  SQL 쿼리 문장 -->
	<logger name="jdbc.sqlonly" additivity="false"> 
	    <level value="info"/> 
	    <appender-ref ref="console"/> 
	</logger>

	<!-- Root Logger -->
	<root>
		<!-- <priority value="info" /> -->
		<priority value="off" />
		<appender-ref ref="console" />
	</root> 
	
</log4j:configuration>
