<?xml version="1.0" encoding="UTF-8"?>

<!DOCTYPE mapper
	PUBLIC "-//mybatis.org//DTD Mapper 3.0//EN"
	"http://mybatis.org/dtd/mybatis-3-mapper.dtd">
<mapper namespace="com.goott.eco.mapper.GoodsMapper">
	
	<insert id="test" parameterType="map">
		INSERT INTO TB_TEST VALUES(#{no}, #{val})
	</insert>
	
	<select id="totalCountGoodsList" resultType="int" parameterType="com.goott.eco.common.Criteria">
		SELECT COUNT(*) FROM GOODS  
		WHERE
			1=1
			<if test="category != null and category != ''">
			AND CATEGORY = #{category}	
			</if>
			<if test="keyword != null and keyword != ''">
			AND GOODS_NAME LIKE '%' || #{keyword} || '%'
			</if>
	</select>
	
	<select id="goodsList" resultType="hashmap" parameterType="com.goott.eco.common.Criteria">
		SELECT 
			  G.GOODS_SEQ, G.GOODS_NAME, G.PRICE, G.ECO_SCORE
			, GTN.IMG_URL
			, (SELECT NVL( ROUND( AVG( NVL(STAR,0) ), 1 ), 0) FROM GOODS_COMMENT WHERE GOODS_COMMENT.GOODS_SEQ = G.GOODS_SEQ) AS STAR
		FROM GOODS G 
			LEFT OUTER JOIN GOODS_THUMB_NAIL GTN ON G.GOODS_SEQ = GTN.GOODS_SEQ AND GTN.MAIN_YN = 'Y'
		WHERE
			1=1
			<if test="category != null and category != ''">
			AND G.CATEGORY = #{category}	
			</if>
			<if test="keyword != null and keyword != ''">
			AND G.GOODS_NAME LIKE '%' || #{keyword} || '%'
			</if>
		ORDER BY G.GOODS_SEQ
		OFFSET #{start} ROWS FETCH FIRST #{amount} ROWS ONLY
	</select>
	
	<select id="goodsDetail" parameterType="int" resultType="map">
		SELECT
			  G.GOODS_SEQ, G.COMP_SEQ, G.GOODS_NAME, G.PRICE, G.QTY, G.MATERIAL, G.CATEGORY
			, G.REQ_OPTION, to_char(G.GOODS_DETAIL) "GOODS_DETAIL"
			, (SELECT NVL( ROUND( AVG( NVL(STAR,0) ), 1 ), 0) FROM GOODS_COMMENT WHERE GOODS_COMMENT.GOODS_SEQ = G.GOODS_SEQ) AS STAR
			, COMP.COMP_NAME
		FROM GOODS G
		LEFT OUTER JOIN COMPANY COMP ON G.COMP_SEQ = COMP.COMP_SEQ
		WHERE
			G.SALE_YN = 'Y'
			AND G.GOODS_SEQ = #{goods_seq}
	</select>
	
	<select id="goodsDetailThumbImg" parameterType="int" resultType="map">
		SELECT 
			  GOODS_SEQ, GOODS_THUMB_NAIL_SEQ
			, IMG_URL
			, MAIN_YN
		FROM GOODS_THUMB_NAIL
		WHERE 
			GOODS_SEQ = #{goods_seq}
	</select>
	
	<select id="goodsDetailImg" parameterType="int" resultType="map">
		SELECT
			GOODS_SEQ, IMG_ORDER, IMG_URL, GOODS_DETAIL_IMG_KEY
		FROM GOODS_DETAIL_IMG
		WHERE 
			GOODS_SEQ = #{goods_seq}
	</select>
	
	<select id="goodsReqOption" parameterType="int" resultType="map">
		SELECT
			GOODS_SEQ, GOODS_REQ_OPTION_SEQ, PRICE, OPTION_NAME
		FROM GOODS_REQ_OPTION
		WHERE 
			GOODS_SEQ = #{goods_seq}
	</select>
	
	
	<select id="totalCountGoodsComment" parameterType="map" resultType="int">
		SELECT COUNT(*) FROM GOODS_COMMENT WHERE GOODS_SEQ = #{goodsSeq}
	</select>
	
	<select id="goodsComment" parameterType="map" resultType="map">
		SELECT
			  GC.GOODS_COMMENT_SEQ, GC.GOODS_SEQ, GC.CUST_ID, GC.STAR, GC.MEMO, TO_CHAR(GC.REGDATE, 'YY/MM/DD hh:mi:ss') AS REGDATE
			, C.NAME
			, G.GOODS_NAME
		FROM GOODS_COMMENT GC
			INNER JOIN CUST C ON GC.CUST_ID = C.MEMBERID
			INNER JOIN GOODS G ON GC.GOODS_SEQ = G.GOODS_SEQ
		WHERE 
			GC.GOODS_SEQ = #{goodsSeq}
		ORDER BY REGDATE DESC
		OFFSET #{start} rows FETCH FIRST 5 ROWS ONLY
	</select>
	
	<select id="insertGoods" statementType="CALLABLE" parameterType="com.goott.eco.domain.GoodsVO">
		{call PROC_GOODS_INS(
		     #{goods_seq,mode=OUT,jdbcType=INTEGER}
		    ,#{comp_seq,mode=IN,jdbcType=INTEGER}
		    ,#{goods_name,mode=IN,jdbcType=VARCHAR}
		    ,#{goods_detail,mode=IN,jdbcType=CLOB}
		    ,#{price,mode=IN,jdbcType=INTEGER}
		    ,#{qty,mode=IN,jdbcType=INTEGER}
		    ,#{material,mode=IN,jdbcType=VARCHAR}
		    ,#{category,mode=IN,jdbcType=INTEGER}
		    ,#{eco_score,mode=IN,jdbcType=INTEGER}
		    ,#{reguser,mode=IN,jdbcType=VARCHAR}
		    ,#{req_option,mode=IN,jdbcType=VARCHAR}
		    )
		}
	</select>
	
	<update id="updateReview" parameterType="com.goott.eco.domain.GoodsVO$GoodsCommentVO">
		UPDATE GOODS_COMMENT 
		SET 
			STAR = #{star}
			, MEMO = #{memo}
		WHERE 
			CUST_ID = #{cust_id}
			AND GOODS_COMMENT_SEQ = #{goods_comment_seq}
	</update>
	
	<insert id="insertReview" parameterType="com.goott.eco.domain.GoodsVO$GoodsCommentVO">
		INSERT INTO GOODS_COMMENT(
			  GOODS_COMMENT_SEQ
			, GOODS_SEQ
			, CUST_ID
			, STAR
			, MEMO
			, REGDATE
		) VALUES(
			  SEQ_GOODS_COMMENT_SEQ.NEXTVAL
			, #{goods_seq}
			, #{cust_id}
			, #{star}
			, #{memo}
			, SYSDATE
		)
	</insert>
	
	<delete id="realDeleteGoods" parameterType="int">
		DELETE FROM GOODS WHERE GOODS_SEQ = #{goodsSeq}
	</delete>
	
	<insert id="insertGoodsThumbNail" parameterType="com.goott.eco.domain.GoodsVO">
		INSERT INTO GOODS_THUMB_NAIL(
			 GOODS_SEQ
			,GOODS_THUM_NAIL_SEQ
			,IMG_URL
			,MAIN_YN
			,REGDATE
			,REGUSER
			,EDITDATE
			,EDITUSER
		) VALUES (
			#{goods_seq}
			,(SELECT NVL(MAX(GOODS_THUM_NAIL_SEQ),0) + 1 FROM GOODS_THUMB_NAIL WHERE GOODS_SEQ = #{goods_seq})
			,#{GoodsThumbNailVO.img_url}
			,#{GoodsThumbNailVO.main_yn}
			,SYSDATE
			,#{reguser}
			,NULL
			,NULL )
	</insert>
	
	<select id="goodsCategoryList" resultType="map">
		SELECT CATE_SEQ, CATE_NAME FROM GOODS_CATEGORY ORDER BY CATE_SEQ ASC
	</select>

</mapper>